cv0,cv1,cv2,cv3
0.10871905274488698
0.3223896663078579
0.09203444564047362
0.30570505920344454
0.0032292787944025836
0.21689989235737353
