cv0,cv1,cv2,cv3
0.10384215991692627,0.15328467153284672,0.18253968253968253,0.20612431444241316
0.2185877466251298,0.5194647201946472,0.68994708994709,0.2312614259597806
0.09034267912772585,0.07968369829683698,0.03650793650793651,0.007769652650822669
0.2050882658359294,0.44586374695863745,0.5439153439153439,0.03290676416819013
0.0010384215991692627,0.0,0.0,0.005484460694698354
0.11578400830737279,0.3661800486618005,0.5074074074074074,0.030621572212065813
