cv0,cv1,cv2,cv3
0.019351464435146442,0.15332512315270935,0.16063829787234044,0.22660550458715598
0.7881799163179917,0.36637931034482757,0.2877659574468085,0.23119266055045873
0.09675732217573221,0.05295566502463054,0.04148936170212766,0.006422018348623854
0.8655857740585774,0.2660098522167488,0.16861702127659575,0.011009174311926606
0.0,0.0018472906403940886,0.0005319148936170213,0.005045871559633028
0.7688284518828452,0.21490147783251232,0.1276595744680851,0.00963302752293578
