cv0,cv1,cv2,cv3
0.03271028037383177,0.08576642335766424,0.30423280423280424,0.28793418647166363
0.7087227414330218,1.062043795620438,0.5534391534391534,0.3153564899451554
0.2632398753894081,0.06690997566909976,0.006349206349206349,0.008226691042047532
0.9392523364485982,1.0431873479318734,0.25555555555555554,0.0356489945155393
0.001557632398753894,0.0,0.0010582010582010583,0.0013711151736745886
0.677570093457944,0.9762773722627737,0.25026455026455025,0.028793418647166363
