cv0,cv1,cv2,cv3
0.15177610333692143
0.3939720129171152
0.073735199138859
0.3159311087190527
0.002152852529601722
0.24434876210979548
