cv0,cv1,cv2,cv3
0.2475868725868726
0.2171814671814672
0.3141891891891892
0.28378378378378377
0.07722007722007722
0.04681467181467181
