cv0,cv1,cv2,cv3
0.12393617021276596
0.26063829787234044
0.11170212765957446
0.24840425531914895
0.003723404255319149
0.14042553191489363
