cv0,cv1,cv2,cv3
0.12746305418719212
0.6619458128078818
0.07943349753694581
0.6139162561576355
0.0012315270935960591
0.5357142857142857
