cv0,cv1,cv2,cv3
0.19047619047619047,0.17125,0.11517761033369214,0.17110091743119266
0.3010582010582011,0.29625,0.4946178686759957,0.18577981651376146
0.31587301587301586,0.03375,0.09741657696447793,0.007798165137614679
0.4264550264550265,0.15875,0.47685683530678147,0.022477064220183487
0.013227513227513227,0.001875,0.0,0.005045871559633028
0.12380952380952381,0.126875,0.37944025834230355,0.019724770642201836
