cv0,cv1,cv2,cv3
0.038179916317991634
0.1893305439330544
0.10198744769874477
0.25313807531380755
0.0
0.15115062761506276
