cv0,cv1,cv2,cv3
0.11526479750778816,0.18917274939172748,0.1201058201058201,0.20521023765996343
0.37538940809968846,0.3515815085158151,0.5560846560846561,0.27879341864716634
0.0893042575285566,0.08090024330900243,0.039153439153439155,0.009140767824497258
0.3494288681204569,0.24330900243309003,0.47513227513227513,0.08272394881170018
0.0,0.004257907542579075,0.0,0.0018281535648994515
0.2601246105919003,0.16666666666666666,0.43597883597883597,0.07541133455210237
