cv0,cv1,cv2,cv3
0.050793650793650794,0.100625,0.1652314316469322,0.24220183486238533
0.19047619047619047,0.27625,0.20505920344456405,0.24541284403669725
0.18624338624338624,0.00875,0.002152852529601722,0.010091743119266056
0.32592592592592595,0.184375,0.04198062432723358,0.013302752293577982
0.0005291005291005291,0.0,0.001076426264800861,0.005045871559633028
0.1402116402116402,0.175625,0.04090419806243272,0.008256880733944955
