cv0,cv1,cv2,cv3
0.11349372384937238
0.5507322175732218
0.05073221757322176
0.48797071129707115
0.0005230125523012552
0.4377615062761506
