cv0,cv1,cv2,cv3
0.01882845188284519,0.22413793103448276,0.08085106382978724,0.2334862385321101,0.09025096525096525
0.5868200836820083,1.1724137931034482,0.15,0.47522935779816516,0.555984555984556
0.075836820083682,0.08928571428571429,0.0031914893617021275,0.022935779816513763,0.17374517374517376
0.6438284518828452,1.0375615763546797,0.07234042553191489,0.2646788990825688,0.6394787644787645
0.0,0.0,0.0005319148936170213,0.0013761467889908258,0.016891891891891893
0.5679916317991632,0.9482758620689655,0.06968085106382979,0.24311926605504589,0.4826254826254826
