cv0,cv1,cv2,cv3
0.031746031746031744,0.03875,0.15769644779332614,0.13761467889908258
0.20793650793650795,0.393125,0.3611410118406889,0.14220183486238533
0.04497354497354497,0.02875,0.02691065662002153,0.005963302752293578
0.22116402116402117,0.383125,0.2303552206673843,0.01055045871559633
0.0,0.000625,0.0016146393972012918,0.003669724770642202
0.1761904761904762,0.355,0.20505920344456405,0.008256880733944955
