cv0,cv1,cv2,cv3
0.13239875389408098,0.17396593673965938,0.14126984126984127,0.22074954296160879
0.480269989615784,0.6411192214111923,0.355026455026455,0.2202925045703839
0.11474558670820353,0.10827250608272507,0.10740740740740741,0.008683729433272395
0.46261682242990654,0.5754257907542579,0.32116402116402115,0.008226691042047532
0.0,0.0018248175182481751,0.0010582010582010583,0.005941499085923218
0.34787123572170303,0.46897810218978103,0.21481481481481482,0.005484460694698354
