cv0,cv1,cv2,cv3
0.013756613756613757,0.115625,0.1054897739504844,0.18394495412844036
0.591005291005291,0.163125,0.2621097954790097,0.18853211009174312
0.12857142857142856,0.115,0.022066738428417654,0.006880733944954129
0.7058201058201058,0.1625,0.17868675995694294,0.011467889908256881
0.0,0.00125,0.0005382131324004305,0.0027522935779816515
0.5772486772486772,0.04875,0.15715823466092574,0.007339449541284404
