cv0,cv1,cv2,cv3
0.08677248677248678,0.166875,0.22981700753498385,0.21146788990825688
0.6126984126984127,0.916875,0.25995694294940797,0.21055045871559633
0.2291005291005291,0.019375,0.0032292787944025836,0.005504587155963303
0.755026455026455,0.769375,0.03336921420882669,0.0045871559633027525
0.0,0.0,0.0005382131324004305,0.005045871559633028
0.5259259259259259,0.75,0.030678148546824543,0.004128440366972477
