cv0,cv1,cv2,cv3
0.1318622174381055
0.2933261571582347
0.008611410118406888
0.17007534983853606
0.0016146393972012918
0.16307857911733045
