cv0,cv1,cv2,cv3
0.06178608515057113,0.33880778588807786,0.14285714285714285,0.2742230347349177
0.2497403946002077,0.4884428223844282,0.6751322751322751,0.38345521023765994
0.2564901349948079,0.23236009732360097,0.0746031746031746,0.02330895795246801
0.4444444444444444,0.3819951338199513,0.6068783068783069,0.13254113345521024
0.0020768431983385254,0.072992700729927,0.0,0.0009140767824497258
0.19003115264797507,0.22262773722627738,0.5322751322751322,0.11014625228519195
