cv0,cv1,cv2,cv3
0.03790238836967809,0.18613138686131386,0.23756613756613756,0.24954296160877515
0.7907580477673936,0.698905109489051,0.48783068783068784,0.2545703839122486
0.16043613707165108,0.032846715328467155,0.010582010582010581,0.014625228519195612
0.9132917964693665,0.5456204379562044,0.2608465608465608,0.019652650822669104
0.0,0.0,0.0,0.004570383912248629
0.7528556593977155,0.5127737226277372,0.25026455026455025,0.009597806215722121
