cv0,cv1,cv2,cv3
0.2133204633204633
0.20077220077220076
0.4232625482625483
0.4107142857142857
0.060810810810810814
0.04826254826254826
