cv0,cv1,cv2,cv3
0.11526479750778816,0.3753041362530414,0.16455026455026456,0.2312614259597806
0.4252336448598131,0.4793187347931874,0.32486772486772486,0.23491773308957953
0.21962616822429906,0.2889294403892944,0.010052910052910053,0.007769652650822669
0.5295950155763239,0.3929440389294404,0.17037037037037037,0.011425959780621572
0.0005192107995846313,0.18126520681265207,0.0015873015873015873,0.005941499085923218
0.31048805815160957,0.28527980535279807,0.1619047619047619,0.009597806215722121
