cv0,cv1,cv2,cv3
0.03686396677050883,0.38746958637469586,0.1253968253968254,0.20018281535648993
0.24350986500519212,0.45012165450121655,0.6592592592592592,0.2042961608775137
0.13447559709241952,0.24817518248175183,0.013227513227513227,0.013254113345521023
0.3411214953271028,0.3108272506082725,0.5470899470899471,0.01736745886654479
0.0,0.18795620437956204,0.0,0.005484460694698354
0.2066458982346833,0.25060827250608275,0.5338624338624338,0.009597806215722121
