cv0,cv1,cv2,cv3
0.04361370716510903,0.44829683698296835,0.1544973544973545,0.2056672760511883
0.3354101765316719,0.4318734793187348,0.27724867724867724,0.2390310786106033
0.20456905503634476,0.46472019464720193,0.07883597883597884,0.008683729433272395
0.4963655244029076,0.44829683698296835,0.2015873015873016,0.04204753199268738
0.0005192107995846313,0.3290754257907543,0.0015873015873015873,0.0022851919561243145
0.29231568016614745,0.3126520681265207,0.12433862433862433,0.0356489945155393
