cv0,cv1,cv2,cv3
0.08374384236453201
0.9956896551724138
0.04125615763546798
0.9532019704433498
0.0
0.9119458128078818
