cv0,cv1,cv2,cv3
0.07476635514018691,0.11739659367396593,0.2455026455026455,0.1640767824497258
0.3260643821391485,0.38929440389294406,0.4947089947089947,0.16910420475319926
0.17653167185877466,0.16423357664233576,0.018518518518518517,0.006855575868372943
0.42782969885773625,0.43613138686131386,0.2677248677248677,0.011882998171846435
0.006749740394600207,0.0012165450121654502,0.0010582010582010583,0.005484460694698354
0.2580477673935618,0.2731143552311436,0.25026455026455025,0.010511882998171846
