cv0,cv1,cv2,cv3
0.11786085150571132,0.20194647201946472,0.17513227513227514,0.18190127970749542
0.1671858774662513,0.5638686131386861,0.3111111111111111,0.19926873857404023
0.14537902388369678,0.030413625304136254,0.08888888888888889,0.011425959780621572
0.19470404984423675,0.39233576642335766,0.22486772486772486,0.028793418647166363
0.005711318795430945,0.0006082725060827251,0.0005291005291005291,0.003656307129798903
0.055036344755970926,0.36253041362530414,0.1365079365079365,0.02102376599634369
